{
	"appId": "com.ieltsaiprep.app",
	"appName": "IELTS GenAI Prep",
	"webDir": "dist",
	"server": {
		"androidScheme": "https",
		"iosScheme": "https"
	},
	"plugins": {
		"SplashScreen": {
			"launchShowDuration": 2000,
			"backgroundColor": "#6366f1",
			"showSpinner": false,
			"splashFullScreen": false,
			"splashImmersive": false
		},
		"StatusBar": {
			"style": "dark",
			"backgroundColor": "#6366f1"
		},
		"Keyboard": {
			"resize": "body",
			"style": "dark",
			"resizeOnFullScreen": true
		},
		"PushNotifications": {
			"presentationOptions": [
				"badge",
				"sound",
				"alert"
			]
		},
		"LocalNotifications": {
			"smallIcon": "ic_stat_icon_config_sample",
			"iconColor": "#6366f1"
		}
	},
	"ios": {
		"scheme": "IELTS GenAI Prep",
		"cordovaSwiftVersion": "5.0"
	},
	"android": {}
}
