{
  "deployment_date": "2025-07-21T04:56:50.400412",
  "package_name": "comprehensive_templates_production_20250721_045650.zip",
  "source": "Development templates - comprehensive match",
  "templates_included": [
    "working_template_backup_20250714_192410.html (home page)",
    "templates/login.html (professional login with mobile guidance)",
    "templates/privacy_policy.html (GDPR compliance)",
    "templates/terms_of_service.html (complete terms)"
  ],
  "mobile_features": [
    "Apple App Store receipt verification",
    "Google Play Store purchase validation",
    "Mobile-first authentication workflow",
    "Cross-platform login (mobile \u2192 website)",
    "Purchase verification before website access"
  ],
  "status": "Comprehensive templates deployed - matches dev environment exactly"
}