{
  "deployment_date": "2025-07-21T04:23:53.987517",
  "package_name": "security_enhanced_production_20250721_042353.zip",
  "security_enhancements": [
    "Authentication endpoint protection (/login, /register, /auth/)",
    "API security (comprehensive /api/ blocking)",
    "Assessment content protection from AI training",
    "File system security (.log, .json, .zip, .env blocking)",
    "Enhanced rate limiting (10-60 seconds based on bot type)",
    "Aggressive crawler blocking (AhrefsBot, SemrushBot, MJ12bot)",
    "Proprietary content protection for TrueScore\u00ae and ClearScore\u00ae"
  ],
  "robots_txt_features": [
    "Authentication protection: Blocked",
    "API endpoint security: Enhanced",
    "Assessment content protection: Active",
    "File extension security: Implemented",
    "Rate limiting: 10-60 seconds",
    "AI training protection: Active",
    "Search engine access: Controlled"
  ],
  "production_domain": "www.ieltsaiprep.com",
  "cloudfront_distribution": "E1EPXAU67877FR",
  "deployment_status": "Ready for AWS Lambda upload"
}